MANUFACTURER_ID,MAKER_NAME
000b2b2ae5864429da1bfd5396d62b81c5c3998627f8d4225055858de2145adc,MERCEDES-BENZ INDIA PVT LTD.
004d1d7b0d75b326b76fc4ddc3d1c3e8d12a84e06f9fec0b18a8bc10d61385fa,M/S NEW VENKATESWARA ENGINEERING WORKS
009a5d95212e04468b6d230eab783b472bc577062f0109c7e7bd5ac94346ee04,M/S SAI DURGA ENGINEERING WORK
00b96c1bc1af6b8edb78444eded242a6a667b2fcc633e4ea02a6397ae134a740,SHIVA ENGINEERING WORKS
0223e5d6c628e8febfc0a05e71f759af463f537eed72a2eafbfa3da2613eecd1,VST TRILLERS TRACTORS LTD
02878f7074209a000d108aaa17c73a03adf585db4d3b8ef9e04793c05e10472d,VE COMMERCIAL VEHICLES LIMITED
02993ca048f0ab891927750f9b143ea512b3e52f095a9d5ddc1264bf34ba38dc,M/S TRIUMPH MOTORCYCLES INDIA PVT LTD
040001c54b2cb5be93a2a8c6cee335174d2b8a51a7df5d72e7d1e290c0b58e8a,M/S VIJAYAGANAPATHI ENGINEERING WORKS
04cbff5a1dc280223e9263c7c0ce4c61983c2d1c9275c5ecf87da4aa1ff63556,GAYAM MOTOR WORKS (P) LTD
05244a80da3ee9345f57fb37bd03999968af8613515c21cff3466fdeaecdc6d6,SRINIVASA TRAILEE WORKS NIRMAL
05649f92de14db166f30eb0c6ddf46adc531cf11957de956ee65485cfefdfe7a,"KUBOTA CORPORATION,  JAPAN"
065d2afa2281594cd3a1a48efdbb3a902c0cf9e8d8df6dc44a1cf53b738a6197,SRI SAIBABA ENGG WORKS
075c85017ac5d56325576062cd5c629105f72a55d53fe11431bf878656a56a79,M/S TOYOTA KIRLOSKAR PVT LTD
0796d986a8cea87f3b69d1fea48da74a10fbdfea2643b0a4b87d1c32a7d57ace,M/S SRI SHIVA SAI ENGINEERING WORKS
09da07aad25b1260821ceaeb4ee6836384170b0ff8da57f105693cb5b100ed1d,DANISH ENGG WORKS ADILABAD
0a23d323944cc5b8b701175bc13c9037c0deaedd35aefea6f95e12a59af22641,M/S ATUL AUTO LTD
0a4778b1bbab2625f6560159c3884e24c0165d1c0596fa092ebcc3179f289508,M/S SRI SAI RAGVENDRA AGRO INDUSTRIES MBNR
0afad3da8a0a286ef02f59f58c656dc2902099510e10d9bcf985fd1e83733a99,M/S KUBOTA CORPORATION LTD
0b1315034501e23012d961c12294a2f7df1aa6fea2ca35c1bf42db37156b3b01,M/S SRINIVASA ENGINEERING WORKS KNR
0b9a9d6c585dbf4b2f8e0bfbd15a602af73a7b156f595a891babf70be146e7f5,M/S CHARANTEJA ENGINEERING WORKS
0d11d581373d305566db1d6511096bb49b08def09bec29d229ff383c8355ddd6,"M/S MANIKANTHA ENGINEERING WORKS, MANCHERIAL"
0d1675ed6ce662db278dd9cf89f0634dc06b389d00f04221155bf5ea1521f2ac,SRI PADMAVATHI ENGG WORKS
0d2c56dd6011d69533a9df6d0b189af6636080e1c3447427546f252f0bdcf935,M/S THIRUMALA ENGINEERING WORKS KKY
0dcf9812952970d17ff0d442ab6256f0ee35aa8c66c6a880f5f12b4bbfe19d21,M/S.SAI KISHORE ENGINEERING WORKS
0e7c82bc755b0d55845bcb3a48025155a6da7db6741402032b0c62aff2f9d910,NEWHOLLANDTRACTORSINDIAPvtLTD
0faff0c59fb48de40afa225a79ab9e3f443fb43df84e4232ba4b9f0ee6f49581,M/S OKINAWA AUTOTECH PVT LTD
128155a60128c8c9cfe13b853e05e6f193bc7e30ce545c3d6b85409eb1a2ff53,M/S CHANDRA ENGINEERING & BEARING CENTRE
1380a1d4742cae547a5178d0c0b358ab57e50489546866f38d30ec6eba728174,M/S ISUZU MOTORS INDIA PVT LTD
138aad9bda66a4f8c21657e8bf3b72fe83f9a1a54be0e8588247ce78c1977752,M/S SURYA ENGINEERING COMPANY SIRICILLA
139df7620e4221cd8f8aeb539daf48a048a689abd51d6ccf76a4a796a3aaa3fb,VOLKSWAGEN INDIA PVT LTD
13e887e5c4480501db6a2dc56b21020b53fd1a5f0a4ebc78e2195997820f423c,TRIUMPH MOTORCYCLES LIMITED
14e49feef23a2860de04003aeeeb5cc74ebe829260762c1fab56936b2826d110,"M/S SAI RAM ENGINEERING WORKS,NALGONDA"
15520741c43af802da071ca56e56bf739554d6617ac7040adf371e32d413767d,K KSUPREEM GENRAL ENGINEERING WORKS WGL
1665758755ade84cd40c4509341c469b12444058f1484c8baa0cba67b243996e,M/S EPIROC MINING INDIA LTD
17855d8f8aeadcd56e4ef39cde40d560d6ddb24fd191aa928db50a4d61cb5359,M/S VENKATESHWARA ENGINEERING WORKS
180c2a4203e74c9f4ee950012446279eed830c31a1975749ed61a98db623848b,M.S. AGRO INDUSTRIES
18a63dd68d9e665dce936ac6192222554491acb6ca903c3e8da158e8f5fda905,M/S WARANGAL ENGINEERING WORKS
19eebb716d2ee65ffb72046676deb1e29aad61f61c6c54c84c678aab39a24a4f,BAYERISCHE MOTOREN WERKE AG
19f9e1f497abb2615db2fc05599b3d5a181e51673c50fc3e83262c87541866e7,M/S SRI GVKR ENGINEERING WORKS
1a0a81957641a76fa460cde33930b04adf115fb4eb52a07cf2bf2757c81b9c69,M/S FCA INDIA AUTOMOBILES PRIVATE LIMITED
1aefa5982f6d58a5f56eb9044e24ad3e4b2c35c6ee6c52a79346b65388ad828e,"M/S SRI VENKATESHWARA AGRO WORKS, MEDAK"
1b7455fcecef968df269fb897dac03842ced87a39e4d2cbc323566d18c9ef8c3,M/S NEW SRI RAGAVENDRA AGRO INDUSTRIES MBNR
1bfc16ee495b2040159d5b0cac680a613edae7ad9d4e2b12542bc743bade7861,M/S SRI PARAMESHWARA INDUSTRIES
1c4fc3897db2dfe45d35e64bf84ec9db8e59901bd59c681c9258d7aa3aead515,M/S SRINIVASA ENGINEERING WORKS
1d6ad315dcd76014f08180dd19d9379390e25cf7fb1b5867165516416b69388c,M/S RAJA ENGINEERING WORKS
1e591f47efa758a8821972770d18adb0d15b194cd972ff237621db24fca73326,AUDI AG D-85045 INGOLSTADT
1f3d6d44d02c3f6376df485e5cec4eda9c53d594ddc05ec6fdb27c5dac0a4e09,GANGA BHAVANI ENGG WORKS KNR
1f3d9218420add5f186bb96fe0a53849a80977309b736ab383f3e98e0f6f16bd,HARLEY DAVIDSON MOTOR COMPANY
1f490865f569e1cf43ddc98faa0e5b9ad1cc4f15df0bc6d297e5343c0c06fc78,M/S. SRISAI ENGINEERING WORKS RRD
1f89187d58637fdb6d8d760081f42ea4a20dc540a515b22bb2e02821f6f35d3a,SRI DURGA BHAVANI ENGG WORKS
2012b615eee760fbe0f1afc51e3086bd77c033b11620d489da8097536e379874,TATA MOTORS LIMITED
2191c6606e35af7cd0d756efada38f0cffc060824416a37f3cca2d9a4e98cf48,M/S  SRI  VEERA  GANAPATHI  ENGINEERING  WORKS  KH
21ba332383b69552fc2efdb3d3c31c15bc35062322d6a74dc81f2718a81b76ac,M/S SRI MANIKANTA ENGINEERING WORKS
224144ec7ad3337644da2fbd492ee0ebf8b03f6d9d7c01a0d389cffef1fc532d,PADMASRINIVASACLUTCH ENGG WORK
235764854f62a575760c26d33787b26d160913519c8318d4d9e9315bf8d033a6,M/S TRV INDUSTRIES
2372db5345bca945624e777e0758203c123320f7ff4ab7c39d2173f288c65e36,M/S DIAMOND ENGG WORKS
242cc0cc76b6620b6390dca66baeda187b7076dcbb103d98478eeb299dff5e83,"M/S SRI HANUMAN GENERAL ENGINEERING WORKS,"
24907497bce0257d550b0b327c0970c96e2d27f91b670d5ae0a9a7cd38256b93,SRI SAI ENGG WORKS METPALLY
260dd1f7fd2a50c5887df05d72b905c16f8b5bc50fe97664d6aa5af877061561,M/S SRI HANUMAN AGRO INDUSTRIES
2835027006d419d78787e18c7f684ec7df0fdc65cec177059c38380c2dcba060,M/S TRINADH ENGINEERING WORKS
2893db9e77ad31cbfc51106a39253903a78416c6fdfd825596caec5709735792,RAVI ENGG WORKS KODAD NLG
2a03475f46978c6732e1b8694be417caf0d0a9f7228a9d685b4271f1fd005cb6,MOTOROYALE KINETIC PRIVATE LIMITED
2a38dc9b3b7e776e2aafefa385a59d6247639db0ad6ae81867436708980d5671,K.S AGROTECH
2b24ff979ef8debe3cd41cee02e98779cc8132f20ea8348807214522bf6f37ef,ATUL AUTO LTD
2b9ae793587060609c799b3916737fd26f5aeaad79facec21ec129d449bd8e57,"M/S SRI SRINIVASA ENGINEERING WORKS, NALGONDA"
2bee9254e4e48415cae3f2a0c2a9e5e5998a915f01ac14a512064d3a4f2ca6e8,M/S SREE  RAMA ENGINEERING WORKS
2c8d56fd35d45b04bb0e3d9e6428fcf58842301225a981eaeadd015b860a5b6f,M/S SRI BALAJI TRALLY WORKS
2dda3945740f95d7c4c4cd283caf237904b13efeb1edf2f2f790d7dad950507a,REDDY AGRO ENGG WORKS MEDAK
2f3843f31c6f130d93016637d38da6c2d410e127b84dd3c122f60a81c287a443,M/S BHAGYALAKSHMI ENGINEERING WORKS
2f3860d71c196578263c0beec54686b18dff8049d13197aec8a2c6b9cdf78d91,M/S SRI BADESHWARA ARGO INDUSTRIES
2ffa3dc085db3c74e22ac75bbcb9e6b58a785b5ab7175d87b6cdb29c15b26b3f,M/S SRI THIRUMALA  ENGINEERING WORKS
3068a035724a164f59887de8d1bcac6bef622d6698b8d48dde185dd4b479e8ef,M/S FORCE MOTORS LTD.PUNE
3116920b78b063b1a49890efc8e67b87973b3f237fb65c811ff67806fb2c9018,CATERPILLAR INDIA P LTD
31eb3a8a6adfb2bf67df8e5971df167a012bb4cb49abf212e02171acb3c53fe2,M/S SWASTHIK ENGINEERING COMPANY
329f180b4f9633facc1cac4bc5f16e066552b343e4607a829ab5abd794f93e0d,SAI TIRUMALA ENGG WORKS MEDAK
32b2c74b4dae55ea9bfd3b2cc2a9d01989a66b4340c2d1fe0f47a09061114537,CASE NEW HOLLAND CONSTRUCTION EQUIPMENT INDIA PVT LTD MP
332bafca0a8bd897aa3cc0063e20c6cfa61c97acd9defeb4a7c2dc4953add644,AJAX FIORI ENGG. INDIA P.LTD
348c787671b26ba2f5ca4649d490ccc654456f61f70da0927cfec3e659d378f6,LAWAT MOTORS LLP
349abce07e77edfe0c97dc87c1d71638c32e790f4cb9de5ee2a530049c4b2809,M/S SRI VAYUPUTHRA ENGINEERING WORKS
3601f69685e4ff33b07674f16f37395862d5de71cb5f3aa062b69957cb54e488,M/S L.N.SWAMY ENGINEERING COMPANY
365df5bc25a560bf4f30d4649c42897cbe0377e05827ee62913c8632f6d55f25,M/ SRI LAXMI ENGINEERING WORKS RAICHUR
3708cf7d5adee50b5f7a833fe3811b5a55c80a2f36e2421376802009ed8ccaef,M/S ARAVIND ENGINEERING WORKS NIZAMABAD
3712da7630cf6e81ab18f96af9c827c64ed590e5fe458a08a0df2da5fa0a55f7,M/S SRI LAXMI NARAYANA ENGINEERS WORKS
3799fff9e0eb998ff215f254e9361cff78b2911e8138cd7b40de93e02c51b7a9,M/S HYUNDAI MOTOR INDIA LTD
37c8a5b934224844dcde50ed65ea83a60b44b8aad09ae59709e267d550cf28e8,HONDA CARS INDIA LTD
37dcbcbc2a6ac41fbf4df97e8768de0a14e5153560603300fbe8b49e7a9e5d46,M/S SRI RAGHAVENDRA AGRO WORKS
37ea73a421c796d07efca29cafc8e7e44a20b14e14ac0d77346e7b4ae329d996,M/S. OLECTRA GREENTECH LIMITED SECUNDERABAD
39aeada24f42b817eacfdcfe04a0bc98f1bd9e491a9e09f8d9bf6fce2ce48bb8,M/S JAGUAR LANDROVER LTD
39ca89c8dc4f6581527ce90d3f0337a0f4c9f40a397aa3da5060fa647f4ae67e,M/S VOLVO GROUP INDIA PRIVATE LIMITED
3a7b171f236d6efd2b9c53e8334da575178152d2bedfdf8885dc839af41ffc32,SRI VIJAYALAKSHMI INDUST   KMM
3a896fee2835e9e3f3f4abe2e733b457d81b53ed771c350d613806c1879f0b21,BANDARI SHANKAR INDUSTRIES NZB
3b2de3fdef89791fedd982c958d10ea64b6d9bdeaa621c379c86654c42000cef,M/S MNR ENGINEERING WORKS NLG
3b9205106d279ed95155e8a3112dfe98691210582457b71b0b2684d599d4f828,M/S  AHAMAD ENGINEERING WORKS KHAMMAM
3ba3ebd9c0b6647401c0f863a12ef0402434987c9110164544aaadd2d4e0c4de,M/S SRI RAGHAVA ENGINEERING WORKS
3d5afe9080f26e4c848e7804c569b37a1a15ae316f6edcabc8dc6ef6864c3785,M/S SAI RAM ENGINEERING WORKS WGL
3f2fbd178f6abdfab7d81ca6bf1fc3964583f2185ee092f1db43484220d0c736,SRI SAI ENGINEERING WORKS
41256805bd30f5cdaaa78aef4c3ce748648f7ed3b604437437797f0121928aaa,M/S SRI SAI TIRUMALA GENERAL ENGINEERING
43df8ee20bdf0665ae006ad419af4738b4e1453666ea0d8cb876cf5d2ff2a794,M/S PAVAN GENERAL ENGINEERING WORKS
43ed4951dd0b03ba357c25d6effb692bbb60e1f36e9197a957075eacbc83c208,"M/S SRI RAGHAVA ENGINEERING WORKS, NASPUR"
45774eee1ea6a5b24811ed61ce31476590095735a7458388ee2a6e6f8dff14cd,M/S MANITOU EQUIPMENT INDIA PVT LTD
45925a3229aaa3afbf842403a2f2563c2f36ea9b8b2b4bd632c3231a26605ab0,M/S SAI KRISHNA INDUSTRIES
473c243fa6803f3e691576c5fbb2555c8e3d6e558d46faf1762f5a262e3a6b99,SRI BALAJI AGRO INDUSTRIES
4753d95119e73676e560cd143302882272db8dc3f51a3b9f4ebea1b6c3b08162,SRI KALPANA ENGINEERING WORKS
47910f60aaf7619954a0101ecccaa1625d8f8e3311085d7c9c9bb5878444e69c,JYOTHI ENGG WORKS VIKARABAD
48ea275c921111162a2626f9c8d44bce068b88ac9e701f63ca03f02ed6046090,M/S SRI LAXMI NARASIMHA INDUSTRIES
4918b51726f14871c1697d5770d290a67d24831c59c671c85cc40f0d065a8650,TIRUMALA TRALLY WORKS NIRMAL
4949f549566a45e7696f0532d525212162ecfcd71ae0cfafe36a20e0169af5d3,M/S SRI MALLIKARJUNA ENGINEERING WORKS
4bfcd9cbcc477de80cbe76943c8fc2b339db51f9c3d52cb656c574a80c859f58,SRI RAMA TRALLY INDUST KNR
4c395341536e3281f9265dd04c6660251923f8dc8557ebe77ae243f6e0cb19c7,M/S SRI SAI KRISHNA INDUSTRIES
4c903a108dc3aff374ca874c85e7651f4a5a9985a6f5a4536a98a5b570c77d7b,MLR AUTO  LTD BALANAGAR
4f0b60f4689f38e2acef514a51eccbd9949f2605425eefbe6a96e0fc57142f6f,M/S SRI BEEMESHWARA ENGINEERING WORKS
4f0fb0438dfd6a293237d812b2d5e2dbc9f613d41da8bfac0ca9c5cfa5d3b567,MAHINDRA TWO WHEELERS LIMITED
4f770c15784c63c01b7df02f449928fa8c78e1fdf2818a83f3b3efe729d66e46,M/S VINAY AUTO TECH PVT LTD
5094ea404b73985d119a76576fb13357192c66800b42e2b1d7d56a2928247887,M/S SALAM ENGINEERING WORKS
529d22ef985fbef46706e63ac5b903aeff75be5b7e67f159729502c6442cf4c0,"M/S SRI RAJENDRA INDUSTIRES, SURYAPET"
53121838070da9b4417ab35fdf39cdad4b3f93436f00e384b59986be34f313aa,M/S SRI SAI LAXMI GENERAL ENGINEERING WORKS
537831e4a4986ab787cd69b52bb6151a2bcbd3ac4bc6f638859900f9f291035b,M/S AL-KHADEER ENGINEERING WORKS
53ef03c2c9c824930a67d9dfe5b100894d90793d1c9f4d7278e92ab28013ad07,"M/S VENKATARAMANA AGRO AGENCY,METPALLY"
5403b58b4ceb67059449e586ee039a4a16fb3ac6182154555d2be90bf9ac7f5e,M/S SRI SRINIVASA AGRO WORKS
550e7625f0dcae7807c74d0f70f5c711ff360747bbf1a6c1c37694f5bbe17b93,M/S SRI VIJAYA DURGA GENRAL ENGINEERING WORKS KHMM
553e8067fc3f14970143f79f9c9fb89fd43647c29c98c8bb0f483b1fd788cfee,M/S HANUMAN ENGINEERING
5579ad4498f2f261984c6838676ac02059fd527fd7a0d7d6934b88d8e3bf79a5,M/S SRI SAI ENGINEERING WORKS NLG
5587211187625178574ae30bb2d6e5c484c1e68c1763a23002dc56ef1a7d7343,FORD MOTORS COMPANY
571c3496b79c6bc20ed9a9f1a3b9381b37025135e98e77eb74820911792be37e,BAJAJ AUTO LTD
571d4c1b09d2953bd531f8e96956ff2856b3408e5744779baf2a72e4d4e1742f,M/S SRI SAI SHIVA INDUSTRIE
58943d7635e1909b184222f6cf3bfd965c79529be41deb723227f2d0808bb541,SAI SHRUTHI ENGG WORKS MOSRAA
5a3cf32f537a8eeaeef467ddb35cdba12ffc19e342d7720c258f6af5567925ef,RENAULTNISSAN AUTOMOTIVE I P L
5a48c2101630c2f7f7d89afe060a9bc4b1ee409c268c78b708b81d3622d2ced2,M/S. RAVI ENGINEERING WORKS
5a7cfcd0569c71c7cfbf3c7f33eb2becf48e841f9607b03528bd212d8c42304a,M/S. RAITHU RAJA AGRO INDUSTRIES
5add659cfce36a3273d1d59773e5877afd10bb3c23e717427800a612fa5313ee,MAHINDRA & MAHINDRA LIMITED
5b4a0de3405b848970d29886d25f9bb345d6a752a86f5d20cfdda5e2dbb22797,"TOYOTA MOTOR CORPORATION,"
5b7d50ea5d003cd65980fa8dd1dc899747faa8c66d88804a7cf01abf734ff2f4,SRI LAXMI ENGINEERING & MOTOR WORKS
5bb0e8b53d0c52af17dffbc4d9040d225253981149117374f50d3a67df770d44,STANDARD CORPORATION INDIA LTD
5d8cc0f9243befdc38e60552d94479ecf884bc10434bb83a23570f9b826d74a2,M/S. SRI BALAJI ENGG.WORKS
5db2a7ff5d8e96e27f6bec2eb5d2c783206eb4957c62a70d1a860a9c14ad853b,ROYAL ENFIELD
5e0f1c4350c17c617f70d3f623f8f83656fab20717970201d931bc5e045e87ea,KUMARASWAMY AGRO INDUSTRIES
5e6a928296f52fea9f5ad8799e98c59459751b8ca5fcdfe19c6f69ed821735b5,"PIAGGIO VEHICLES PVT. LTD.,"
5eaea37482f8efd19029106f0ba3785d34b620b98d765308cc0c05dad4d2ffc5,M/S JAYA BHAVANI ENGINEERING WORKS
5f12f5d45d68377ab79f1f0fcc41e45e764e6ca6fc5980be96a78bd65eeb3ebe,M/S SRI AYYAPPA AGRO INDUSTRIES
5f75bbd79555f845b1811508945bb7ae076d3c5e76b22194b2dd8472d7038d43,M/S VIJAYA AGRO INDUSTRIES
6020fdc34186a785afc3da509715bc1cf9c6e3ee013804617efedb9b3429992f,BMW INDIA PVT LTD
60730e39580b33b7df2011ec64f375c1659d7d768e3c5cc3ff22d9e46fe62d94,SUZUKI MOTORCYCLE (I) PVT LTD
60c9a5bfda9cb63205a8e9a43bf1620baada9302420baa1f16f0370679a337de,M/S STAR ENGINEERING WORKS
61abbe628857c2e68a116e4dd0664b3f51e111ec13a9b030f802d9d4da324be5,SRI MANIKANTA ENGINEERING WORKS
61d3117d3bfe2c8d18ed6546ec1a04fbd3b67a68aff4d24aa9b81125a442b1ab,M/S VISHAL ENGINEERING WORKS
62a97aa322a804a1b2643fbe4fed1689839939b140f00cb0abaacbd4f2562817,M/S NAVADURGA ENGG. WORKS
63894921bb45b7d5db20b60242669639cd9576335b721d9ea4280752cbc47627,FORD INDIA PRIVATE LIMITED
64c60b2dae2a284b531aac311e2b9845e723d4299b4e83cbdcba687e3df9d1c0,M/S SUN RISE ENGINEERING WORKS
654395be9caae3b4d717bc9cb2a2a6cbe694e8e007fc04b201dd33715f0c4aa1,"M/S SRI VENKATESWARA ENGINEERING WORKS,KNR"
655c7622040522a1da0c7c561f9ab5d08a07982a567a87e4b3bdbdb1f8c1c024,M/S SRI ASHWINI ENGINEERING WORKS
65b363ab2e38cf278b90f403d8b2e761fc8114c94275d26175136fe5b49f9bbb,DASMESH MECHANICAL WORKS
6676578d8a72e91394abc5860c258896d5aee76cb32bcf022e6b4a666ecc8337,MAHINDRA & MAHINDRA LTD
675bd5eb51608779659112b55add1c358775f91bbe49cb909a30e203351ca06f,M/S SAI VENKATA DURGA ENGINEERING WORKS
67bf486b40838f4d3b4010401c73976041bc2504d686fe79ec1e0aa60c351b0b,M/S.SRI SAI NATH AGRO
68395e33e0c9eda23c0cdd8306420fde46b89ab0eeddf164d8661e0bfd80779c,TOYOTA KIRLOSKAR MOTOR PVT LTD
68b1fc9e30581003a62b9677d8d6a9eefcf8fe31d9fa33021602bf39186fc3a4,M/S.MANIKANTA ENGINEERING WORK SHOP
6a53e2671cb88f81eb59adcffe6b735d297390e4b6dbe1f9ab694eee624174ea,SHIVA SAI AGRO ENGG WORKS
6cc97446be806604e2dbdf483ae623ed3e2a0dbd3fb6f4589573dd333ac80b6c,M/S. SRI VENKATA RAGHAVA ENGINEERING WORKS
6d6a0f5f7c0edb05f18c0293b4318bb615eed210197535d8f9132992a803079d,TRACTORS&FARM EQUIPMENT LTD
6ddf4b7e0c13c2851892aa381dc4390cebed3ba5718a5640e330aeaaf0efd73b,DILLI ELECTRIC AUTO PVT LTD
6e97cd9b7451bc2fe42fd7baa88fca346eedab9ed4c9cf237afdfc8c02dc6cf7,M/S SRI SAI KIRAN AGRI INDUSTRY
701694376af8bce748661d88277115979ae9cc269ff473b82f4e72377c1a5f45,"M/S BISMILLAH ENGINEERING WORKS, KMM"
701dd6fc4d685fe201ca7ced5f3dd3431f2b9eb651990c074ee25b8497fad78e,M/S C M INDUSTRIES ENGG WORKS
707173751bfaddaabcbdbe4e5c7eef4e1c5fea14907f2f0f477c1c1a8872a66a,"MARUTI SUZUKI INDIA LTD.,"
70c1d9dabebbbfb372fda37eafcb7a4a3fe0b6279b7bcc2686dd5984291d099e,SANA ENGG WORKS NZB
71908556a3a2509789200972a3f9a270ec289a9944a9af8077741bbffc1af148,M/S SCHWING STETTER (INDIA) PRIVATE LIMITED
71af263435c780dffe24a9c769ec4a6910f2e73e7a499bf64a82b399e3984e6e,M/S LAXMI NARSIMHA SWAMY ENGINEERING WORKS
735c31837917443aa94086e73ed6f30a543051864115903c6e380d51a4b11f66,L&T CONSTRUCTION EQUIPMENT LIMITED
738a7d568370b81ee0430c08062ef8ab29a1c8f775a9081aebf6e93ed555b0f6,M/S BHARATH ENGINEERING WORKS
7393c1e9700369a69ae0fe20c2cac9598bdf02e7312b788763aa09e910ac3e76,TRACTORS AND FARM EQUIPMENT
757fb2172c439c1dc2d49a856ea553f9c84d36c4d69b5135907e55bb1787922e,M/S SRI KALA ENGINEERING INDUSTRIES
75ea95598d2d90bc4c5799a375a840eefe881e062c8df84ef1c0c63a60be4851,SRI VENKATESWARA ENGG WORKS
76614ba3a702c55ae372f52824fcb4cdce214381ef006ef6c48648eb0c8ce47c,SRI KARTHEEK AGRO INDUSTRIES
76992585557f8f11cd66e4d6e20e950340b841ee848e5334969866c05ba27852,"M/S SREE  RAMA ENGINEERING WORKS,MOTHUKUR"
77f0b245cabc9f3f4eb7d280dc1cf51d744aa8609a19754daf1fdef4d7a6a447,M/S MAHINDRA &MAHINDRA LTD
7841298c40c8bbe81c485e00e5273e5f316b646bba877a4c0062df24b11b3cd9,M/S RAJA AGRO INDUSTRIES MBNR
7856d5a71a8ff73fe51fd5c0e20e5b9b29ae3dd3aae86eedff4f65db38411aa3,M/S SRI LAXMINARASHIMHA ENGINEERING WORKS NLG
78ad31f3f7c1483c8b9ba057fce12768383d3709ff891bd488e3517629b84490,"JCB INDIA LTD.,"
7b34536a012edf4bb2284e847109d19d4abfaa1219915ec27ea1b0ff0f901de8,M/S LAXMI SAI ENGINEERING WORKS
7c353393880844846f642dd71124c1f70c282318ce8d619521e1d3b38e814101,"M/S TIRUMALA ENGINEERING WORKS,KHAMMAM"
7d37e574b334c77375106428631634d28bb72203b702b114c57c281d244c53eb,M/S SRI JAI GURU SAI ENGINEERING WORKS SANGAREDDY
7f0f321ef1f47b9e0202383221d612622bbf3bb7183f2b49c2f42a8aa32f45ec,M/S NVR ENGINEERING WORKS
7f6c69dc64a4b0b0667ca9ea9bfce55cffadc63633dbf9419e9733fe96d457dd,TIRTH AGRO TECHNOLOGY PVT LTD
802f9006f99350f3bd10eb37fd92c3793a7e4baefbcf12d00bd66b88ac2320bd,M/S PARAMESWARA MECHANICAL WORKS
80e77f2a9e76535a857e3fc98098b9dc69ee2f410b6f63c2e59a54445b8f0a26,FRIENDS ENGG WORKS  PEDDAPALLI
81beecb17c7a1be6b532fa675fa4d462f038f04cba9c082d057c1cf11c8130ae,M/S. BEULAH ENGINEERING WORKS
8489dcdb3181644b653420999297aea003346a5fd276cee953beac8da4b4e85f,SRI RAGHAVA ENGG WORKS ASIFABA
852e4b83fe1a74f09415f57d4c4756a372dfc1764233e0a6a8711828b58aa977,RAVICHANDRA WELDING WORKS JAGT
86aa6d87ae16fd390003404850f7a1c50b22f6e33ea2db14c24984b025b9eec4,M/S NEW TECH ENGINEERING WORKS ADILABAD
89ff3131ddbd9c25362d74c8386d8684441269baf56ff99270b07201bc403c19,M/S.MOTOROYALE KINETIC PRIVATE LIMITED
8a4d1a8ccd7882403d3b6577b7d899dac951b3071ccd878d5b88e2c00cb451e7,"M/S SRI VENKATESHWARA ENGINEERING WORKSHOP,SIRPUR"
8a4f2e727b4912c22c6b90c15f94d01c7db02ccbc5d11c4473e95049d849058d,SAI RAM ENGINEERING WORKS NALG
8b2b61edcc08bf7025cc09d3913903b15d581ae35fb7636a99bdd2855c2141c3,M/S SUN ENGINEERING AGRO
8b78c8307212f287ba8b84de09fabb9bc4b522bb0efb7bd26e615e00da268cb6,INDIA KAWASAKI MOTORS PVT LTD
8cc67de728beffc9e57300e910d786b99811f1ac9759920a8c47df3d2f8e9e75,NEW SRI RAGHAVA KRISHNA E WORK
8e6cfec535d37477e379e43560c3ff855d7526fb4eed1482c9681f733e32bfe3,M/S HAJRAT KHAZA GHARIB NAWAZ ENGINEERING WROKS
8ef25fd253d46636aff5f4df7907d5029520a2739b5f7b60215fd7b3870a54ea,M/S JAGTIAL AGRICULTURAL EQUIPMENT WORKS
8fc1e451726a5497e499c65e35fbdfc67fb8e6eac5a61a14e21dd74aa19d1ea8,PIAGGIO VEHICLES PVT LTD
910c0a696a0932a4f52db9bdcf7a77203bc0f4a23dfe28ecbfed7c6c535d841b,M/S NAGALAXMI ENGINEERING WORK
91480f3f10a387f1fcfbf43e8d15fe758cb16c7b9fa1539310c2067e4ddd5bd3,CAPTAIN TRACTORS PVT LTD
914c6097f2d09cb5a147dcb3b770ffa646b166e0620bb2d49f85fa8b2752db16,M/S SRI RAMA ENG.CO
91a80ebcada0d6e9507c04acb0d7a3abb002a3b4f62a4be4e6e18e67f4f45052,M/S.SRI.LAKSHMI NARASIMHA SWAMY AGRO INDUSTRIES
923bc52cd69dbe4819b72c270c4dfa7704e0225638e31a41e1876dc2ced1a157,M/S OM BHARATH INDUSTRIES
92a236654c6a299369dbfb6227063fc76f0ab7fe5d4a7296081385c4fc338a2e,M/S.SRI NIRMALA INDUSTRIES
92cf775669642d3ddec25fa5746a106d5398f2fb3c7d0a284aeab2a9b84b2020,M/S JAYA LAXMI ENGINEERING WGL
93bdb8d191ee275edf30a8a6ea139766736698eeae8b1720d678cbfecf60ceec,M/S FORD INDIA PVT LTD
94eb6ee75dfd1e4ee62cb0d642c999e609fa8e93fe7f6e1106b71e8daea2993d,M/S VENKATARAMANA GENRAL ENGINEERING WORKS KHMM
952e99ee177972c89983e3c1abb59f41c54d3ee303ba4c7c690a308a52d624ed,ADAPT MOTORS PVT.LTD
9548c53c2025240d6240b0a73d7d5a92a7b7c00af773a73242a54ce369eb44b3,SNEHA KUMAR WELDING WORKSHOP
95e5eaf03b6d4f112c622b905b1d0eedd648ee63a816dfc37049b9a7f7bf1ed8,M/S SAINATH AGRO ENGINEERING WORKS
964692111b64bacbb88215912e65eced32615e81a98d4a575feb691b70434151,M/S MAHALAXMI ENGINEERING WORKS
96a2258f2e3ec337fc0a251b86e1755a6e8438eecebd321174af3eb14c0b6ab7,ESCORTS CONST EQUIPMENT LTD
96dba025b52566190c43708015f50243bea0893c598d9238324b05b263437c0f,"M/S SIRI ENGINEERING WORKS, NALGONDA"
97ca960ea562faf91844655a341d80c0f2257a545ed0e43b1821e146701ad136,M/S CHANDANA LAXMI TRALLY WORKS
99286dc57776e2fd045974d8721093a8b11541a902cd7328553fed18ddfe33ad,M/S SUDHARSHAN AGRO INDUSTRIES
996648e730b223bcce9730de12c16f4eead8f2c555605e7ef9c2db698639a850,M/S RAITHU RAJA INDUSTRIES
99d4b97d5e49d4fbf56e9f7583a40e3e9ae1518000f9b08319bd71322e265b8b,M/S SRI JAYA LAXMI ENGINEERING COMPANY
9b301059191c174f005153882a0032a63a26329afb65a7617d5b58e08c20fec2,M/S SANDEEP INDUSTRIES
9bed691281ffb65402c1999e4a178b7f0322376e0c6a0a03ee3c19d339f554a9,"BHARATHI ENGG WORKS, KODAD, NALGONDA"
9c22b8b9cae6af782f7ada92e8d950af7836013e2ae28cb027eb8080c7791660,M/S SHAKTHI AGRO INDUSTRIES NZB
9c3a7e1b0bef1a45676965d5a4b1925dc2dce4cc71d597e8cb0d85b46c0c6444,M/S SRI KARTHEEK ENGINEERING WORKS
9ed9391e2b6e19fd9fb37553161f469ea6a7ae9c2991ad8093ccc876279fc880,M/S SRI LAXMI SRINIVASA ENGINEERING WORKS  KNR
9f25655067dfc6b4a01efa4e7d0732d63c78fa679a028d15dc752fd5149ba04e,HERO MOTOCORP LTD
9f4204ad12a15fc20328da082cfc34cd9fd247cbda112074c0bbc134a138d462,SRI LAXMI NARSIMHA ENGG WORKS
9f57ef2ce8bfdf15704d13d361d256773eb6857be5f41bea9f7b2d8163bc7ddd,"M/S SRI RAMA ENGINERING WORKS, YADADRI"
9f6ce73f556fbd86184ec4e5bf56427fc00b254d3d2b6158f0917d977e13b131,M/S MODERN ENGINEERING WORKS SANGAREDDY
9f97dd01a4b8d3bd9e1044e88b919d7bf47fa500be0f06009528d6413f2621e1,M/S SRI KHAWAJA GHARIB NAWAZ ENGG WORKS
a0bd210beb7d1d08ae119b620c39e55b8d1bac7728ee4fe0d581d22806dd5eda,HD MOTOR COMPANY INDIA PVT LTD
a13352cc2c5f82fa15526c1be56a57785a5ce1f4046bc257fc6e481b78c4e8bf,HONDA MOTORCYCLE&SCOOTER(I)P L
a175f176d17a432a0d66228f988c5d7497eb6847555689c72bed189ac92e1faa,VIJAYA ENGINEERING WORKS
a1df2124b698df1481ee481ca744a3525cbcff968392b593a1336c6db89f231c,HERO ELECTRIC VEHICLES PVT LTD
a256b9f7d81022a9540e80fbe40359cd5a53ddcc559991fd0ba999add9bc425b,M/S SUPREME ENGINEERING WORKS
a2e230b8ecf5d84bb2e00ca04ca2c007df2fb2e441737b254b72255da07c56ba,SAMEER ENGG WORKS NIZAMABAD
a362f01ecf14c43cd7a7c6f70648450a3299d5e5875f80d4306099bdba9997fe,"MAHINDRA & MAHINDRA LTD,"
a3817a939e8c2114a1352384ebe184d4a29839b6a55ffe9e292f2edda489b723,"M/S SHIVA INDUSTRIES, MIRYALAGUDA"
a3fe91c957c71fc2802d11e257e7fbd0fcd0081297efaa78799cf2806161995e,M/S MANASA ENGG & FABRICATION WORKS
a4119c45af36ad3f3899429835f59ef97c38b070d8973a8acb52180f72452cd9,VOLVO CAR CORPORATION
a43e7dfb96c8e26dc0645686d3e91ab48bb187990c771a4ccae558a9ceeb28d8,"M/S SRI BHAVANI ENGINNERING WORKS, MEDCHAL"
a5bad34d12be8fb3df9386357a5db990004c7e7912dbeaa0a176cf73923ca30e,M/S HANUMAN AGRO INDUSTRIES KLWKY
a69a65d2ac3767ed2657873119476f8cbfc32b77dc5b8687f24c1ded596b9089,M/S VIJAYA LAXMI INDUSTRIES
a6d7e40cfb9beee46e7d77bd5bd4c51436a9051e1e7db1e9d997683c4ad04d64,M/S SRI HANUMAN ENGG WORKS
a71b0238fa8d25a6c696128afa9421a81d5a53dfcccd44aff1639e458468eb2d,M/S MADEENA ENGINEERING WORKS
a73f795ef165a463dc287459331567c917ccbafd5e190d81607c56d4af6de491,M/S LAKSHMI ENGINEERING WORKS
a7aee9d5d3bcc58ae5b73aed0abf8eaea64b29cb98df705dccc52f09b4bdd11e,SAAMIRI ENGG WORKS MBNAGAR
a7ebfb05f6cd4218cbb3217c45d8114bb6a1407108bf5b3e5820cf5975f2547c,M/S.MADHAVI ENGINEERING AND MECHANICAL WORKS
a8ebebc6bbc28d92c09d891adbb4f6040027580b58abf80c07f7f88ce13ae59b,MAHINDRA & MAHINDRA LTD*
a8fdee8687892443149ccde97a91c6620100d17f5d0e2143730924fb4ca6bb17,"M/S MURALI KRISHNA ENGINEERING WORKS,MEDAK"
a943b7ef439026a84eab8614e1fff8a53f0b0dc6adbdb31633d4dc4e9c7ee183,"M/S RAMA SAI ENGINEERING WORKS, WARANGAL"
ab3a6d3e8771f3556c9b26d3b6311d5d460a0c33a6f0ce41e2c755c12c53bbfc,M/S VENKATESHWARA ENGINEERING
abd0a82f8d9110487d99ac120632241791efd057ca21c660a42d1092f0f3bf9a,M/S SRI RAMA ENGINEERING WORKS
abf206ad824c8f89fcb5967ac4a45ee5fb734505d82963313bc18f66b1d62fea,SREE SAI AGRO INDUSTRIES MEDCH
ac630702339bea464eeec516e0da048b2cd08ac0a80f1f3e8c4126bdc53c388f,M/S VINEELA ENGINEERING WORKS
acc60c3b312447d92e89895db28a11d98397afb44f1ceae8cf5b757e073c48f6,VIJAY HI TECH TRALLY WORKS NZB
ae0604083119303912b76cc889f4ee5a909a969735c0644ad7953a9da1e187d7,M/S R.N.R. ENGINEERING WORKS
af02f2e609b416d688d2bd15d8ddb1e36a5a0e23cb3bdde5dd2cb37e02233fe6,"M/S SRI RAGHAVA ENGINEERING WORKS, PEDDAPALLI"
af3db071ce3ec9a1e0ec90ae6e9219311ebcd4825d0be52f7220a679de697f1d,M/S. SRISAI ENGINEERING WORKS NLG
b0780737de891bea4ae370f04f4f249bd030a1127ba7700147ccaf877d8ffe2b,"M/S SRI VENKATESHWARA ENGG WORKS, JAGTIAL"
b0d67d93d520f780843f047d35e96a5628d783c2c6d8395aa7c5158b4ba28fd9,GOENKA ELECTRIC MOTOR VEHILCLES PVT LTD
b13c26805642adb3a532070eb886083afa33efca743990b16bda539915cd9812,M/S SHAMBHAVI ENGINEERING WORKS
b1589240539c796dde3de590b84d3682fb3d1598daa23f68a6a0c116975fd09d,"M/S SRI HANUMAN ENGG WORKS, NZB"
b1a4923bd8855aeb15ad8e6a1cbf1301bd9ac41ab03bd0bbd34ebe7e69ddc469,INTERNATIONAL TRACTORS LTD
b2822cbd27e4590dd83d37e4cee49f52c59b7be0bab105950f581c79bd42f76a,M/S FiatIndiaAutomobilesPvtLtd
b2b9d314207886a4295349d4718a2ea32f2564319d6d153a8176eec0010bf31c,M VINOD KUMAR AGRO ENGG WORKS
b38140c51e7a76fee85701ecb5de7ae272b9fb15953cca59427ee3f3b749d373,RATNA AGRO INDUST YERRAVELLY
b4419f38d4af785df75febb0840dcef679a411db1bb5f5873cbd6dfc5b1aa46b,"M/S SRI LAXMINARASIMHA ENGINEERING WORKS, SURYAPET"
b4b8246426137f8f12a6f9c614591de8a40ee7f4dabaee410d1dbe0cefaefaa2,SHRAMAIKA ENGINEERING WORKS
b572402adb733f94abecd6feaaacf76111b8436b9754dafae636cdb5a8effe1a,TVS MOTOR COMPANY LTD
b5d98864d926993e3548bd8992eb6d9109f502af65ca60cd9d85b6c0ded5a257,ASHOK LEYLAND LTD
b5e0e4c357232102d63bb076103fd9ae2be0c3e56ce3c947dd66e8b46987b254,M/S NEW HANUMAN ENGINEERING WORKS
b65a803d90e25f35b804d649989b35a6f6dc3d1c92b24d75229c409bf9b2f048,M/S S.M.TRALLY WORKS
b68b8e9f826b2deabdd88367836c154af76c0b8c73948dd92315c17d158b4a53,M/S SURYA ENGINEERING COMPANY
b7b34447471a75dfef7a042181d57301cfa2608088696127c88f7a48b114d1f8,SRI SAI INDUST ARMOOR NZB
b834d7c5f0a470457979e00647f05af24fadb1b67629bf2d912fa7f02a62b57a,M/S LAXMI SAI AGRO ENGINEERING WORKS
b8cc01a490eaadbc4e7e97639ea0d7566cd7fef5165bf45c1116acec28f960ee,M/S SR ENGINEERING WORKS WGL
b8cc48b14c9f2c820644a4807e4d614f81526f0c74d942323866eb2cab757704,"M/S VENKATESHWARA ENGINEERING WORKS, MIRYALAGUDA"
b910b8be90701b13af0f24f46c36ddb28886c510058663eb13cf1eb0398482ab,M/S LAXMI PRASANNA ENGINEERING WORKS
b914cd6d611fddb1d60651196b687bbdcbb852b4a92e5b6b0028341f154f5c63,"M/S SRI VENKATESHWARA ENGINEERING WORKS,KMNR"
b93276f36fac1f1f442746913a16d3264fbeaeaffc92164e0c1a3682bb9f5f74,M/S SRI SAI GENERAL ENGINEERNG WORKS
b9ed2513af8a6e748130f67bd34931e0a1d6224f5647c628af9b8e48f80c4003,FORCE MOTORS LIMITED
baf19d36420b6a4362fd4145962cf4c8efc429a5070128ef672089ac463d4415,M/S VIJAYASAI ENGINEERING WORKS
bbf30e3b50ca95dff2f9151cd7fad739f09c89d837acc97aea018e3de1a25dd2,JOHN DEERE EQUIPMENTPVTLTDPUNE
bc12a0d396204f7356ee499194a0a6e2746197e7818df3f96662f1ee6ba9e543,M/S SRI USHA ENGINEERING WORKS
bcb1607f4834606dfa04b6c01f5b6911ccfd54d32c5a8f15607233bae932f0aa,M/S SRI LAXMI NARASIMHA TRALLY WORKS
bd40c8e9307c3406a427ba154928c8a0ba480005f74811acc6fbbfdd7285e918,"M/S SRI THIRUMALA ENGINEERING WORKS, R R DISTRICT"
bddae796a2a7cf0cd6911889fe2a175edfda835acae834589f867a7c688aa6b5,M/S MANIKANTA ENGINEERING WORKS WANAPARTHY.
be6e913442e4b160fb532ecd6f5c341667fcc320a01ab3d2015a0ff2a6665145,M/S VOLKSWAGE AG 38436WOLFBURG
be73f9bc9e8909e6a041b7e8053162e07294d99d130f3767e8e0704fdefe1562,M/S SRI LAXMI SAI ENGINEERING WORKS
c0471ebd6d99e1ea18f37919ce9e9cc5340cf7fe9b054515b22854de2ab2c4d1,M/S PADMA SHANTHI INDUSTRIES
c1d9b58e4cb536dad8bb5850ace59afe8df026bcac1359586e8098b0c071ab97,"M/S LAXMI ENGINEERING WORKS,(kodad)"
c21083bd9d8f9c4e4de92474a169f379ada89b517d9a23343f8f0c80d6b591cd,"M/S SRI BHAVANI ENGINEERING WORKS, R R DISTRICT"
c235dfc0a820f95df5336a2ad883ab43abdc9ee7675e7f56c336947ca3aeedd2,M/S UM LOHIA TWO WHEELERS PVT LTD
c35e7a5bd825d7ee49e7281724c7bc3d0f02c10832f9af1bdaa7245b676e51e8,NEW HOLLAND FIAT INDIA PVT LTD
c37548fc8c71399d0f8aafdf81a597136eb2ed4be98c750e60611d73310e41c3,M/S.NANDINI ENGINEERING WORKS
c4bb1af5e70098079e964165555cec25687a3328530e9a2f2c9cc5b3d42ec906,EICHER TRACTORS
c4e9d3221fc21c69082bf2498b235e7141f0ed1838196511ce224d4ff2c0fe2f,DAIMLER(I)COMMERCIAL VEH P LTD
c5e12fbb4551703c2c5d16eab38cb4a3f823745ccbc63b0e69ac28de5e891935,SRI SAI TEJA CONSTRUC PALONCHA
c5f6d598c8c2ef5afd1e78e2cbe6db6c0a6f5c089fb13d51bed33c549681c531,HYUNDAI MOTOR INDIA LTD
c60ecc7dfa234bb6fb14c5d33fade036579861870cd3dea489fd92671fe9f89b,M/S MAHENDRA ENGINEERING WORKS
c66a13e043648f6b356ecb5a4cf2420f33b3e936134384b1fb677c3fd385286b,M/S MANASA ENGINEERING WORKS
c6e4dfbd6af29545073bbf627404de4bcdf726e5abf52c882137eb801dd13248,M/S AMEER ENGINEERING WORKS MAHABUBABAD
c9c3348b37885c54874eb3f2044fba68d82b16fafe63081fff9808eb787e0438,M/S SHIVA ENGINEERING WORKS
c9c4ce768ba6dca605fbfeb90635dcbbfdcab8c9ef69771f7ac6bde8d6d2425a,M/S  KRUPA  ENGINEERING  WORKS KAMAREDDY
cc36c9b3e781a669dc319c86911bc5d910968f0cfbf98aca8ed6ffcb1048cef4,M/S RENAULT INDIA PRIVATE LIMITED
cc74fa95157c5a2eac4d6abd90287b43e05ec3cf1e6dae0fea93740072cc1fdd,M/S MADHU GENRAL ENGINEERING WORKS KNR
cd52767a595ad94e13b990098013ce60e7705a4facff0912c098438e8083fa98,M/S SURESH ENGINEERING WORKS & AUTOMOBILES
cd94bb8f7c8be1458e3bc40bb099c37f33af1ed83090ec27d5bcf4a877e37f7b,M/S SRI VANI ENGINEERING WORKS
cdb5d9043388c10cb5a6b31986d5392c1c32a2091c133377c01f48034ced2830,M/S PASHA AGRO INDUSTRIES
ce221b51aa71eaf144fcff01c134b85026eb70387a7201bac69d6516dcc5cfb9,M/S DHANA SARI INDUSTRIES
cebde81a2516575dcdc7885a073f964aed890e81a728f1614f78de3aa5b0d01f,VOLKSWAGON AG
cff2aa751172242bc2804ac182d36f63c3c66cc69941efa3f2128152503d04af,HERO ELECTRIC VEH. PVT LTD
d1b6048b0fd53a6a5e5083fcdb2ca0bafcb238433713eeb719ad2b12641d1552,"M/S SLR ENGINEERING WORKS,SURYAPET."
d1d1ce2f5ff284b3c38c70919851b958180c61dbdbdb0cf38efcd55e04891e1b,M/S SRI SHIVA AGRO INDUSTRIES
d38bdc8d739bce37077ca2139bda6726246d7af181b812b658e1dfda360f3cd6,M/S SRINIVAS ENGG.WORKS
d49380569b0ab2194d8f0eae00f70f231b5ada23beee187766f4978d81997c2c,RYTHU MITRA ENGG WORKS MBNGR
d4d2515c53352b62887f693164184fff555e1cb6070137482b2be592ffbc3986,AUDI AG
d54268dd3c254abb63e15a3430f2d7f20ba0cf8781a83a98c46c7320b37c7514,M/S NEW MALLIKARJUNA ENGINEERING WORKS
d5ab566e7e1d57237f0186c31536c3392e3369dcccbde71b55d35882f90dcec7,M/S SRI VENKATARAMANA ENG.WORKS
d6262368902b800e71b2beaa5a54071cbe4570476697dbc218924690851d0f8a,M/S CNH INDUSTRIAL INDIA PVT LTD
d723f41223c97a0ed7ea64066abd0d0d7e53d60ca0d0e5f83858b4b48faad655,"M/S SRI BALAJI INDUSTRIES, ARMOOR, NZB"
d7b1a404d27f5a3a3f5c20ed20a8775811101a8933fe482e85cc0c89b9203b07,JOHN DEERE INDIA PVT LIMITED
d7e3e603ca75646fdcd024f8c5ca80be21016c3f592730aa4a17b6403bca2def,M/S SRI SAI ENGINEERING WORKS
d84faae5e952724546475ff5310deea8b9752b1616abfec6b680c3eb301cde06,M/S SRI VENKATA NARASIMHA ENGINEERING WORKS
d8c45b2395da5613791f4f287dbdcbb4d48e052e2494a26a3bab3ca1ab9cdfa4,TATA HITACHI CONST.MACHNRY CO
d982cdeb250bbb3d70e1bb5f1d2592755c9f2b6800ae548e2724ef4007298706,YAMAHA MOTOR INDIA PVT. LTD.
d9c83f71398ac3e7ce02acff44e304eeb6c5166d5cd7caae3d6843bc573f1ec6,M/S UTTAM CONSTRUCTION EQUIPMENT
da520e12eb3c339072e455685c26680f69136812987ad96e006d003877121977,M/S THIRUMALA INDUSTRIES
de0fa572c505fe081d3ffa59c9ac7f6e797b7830c502a4b2947ac3eb9cb0c30e,M/S SRI LAKSHMI NARASIMHA ENGINEERING WORKS
dea59ae0c6e5e1c385e4802c42adefa7c6cdf6d9c6cb88d5288bc62ffca369f7,M/S LOHIA AUTO INDUSTRIES
deb212eef57213bc1b22c2277f230cd8b2cba9c0b680aae2977b07ceb7c5a91e,"SRI RAMA TRALLY WORKS,  NIRMAL"
e07f697fe790bd5c495fa75a09f27bc2c826bbce073e701919dd21ba256c9d4c,M/S M.VINOD KUMAR
e1042272821fbcce46952f5eda5b88eb95d644eda48a5128aefb092339df1407,INDO FARM EQUIPMENT LTD
e124cbe71a1ce5937ace333e7eecdc9c9e6d1f752e5bb01429ed9dbdc002e271,M/S SRI SRINIVASA ENGINEERING WORKS
e13718b424d36c1742454957b6a439dcaa9ceadbaab37fd470f76c88e8e26ec1,M/S TIRUMALA ENGINEERING WORKS
e1bfcf2a369f6e1badc4b4416aee70d61adb579a2cabe23415b476e96cabb6f2,INDIA YAMAHA MOTOR PVT LTD
e1e3db02678e38a0c81f74be355c4d9c715d5fc1879530784a9e68451da5b0cf,GURUNANAK AGRI. ENG. WORKS
e2b3cb9316df61018ebcde8907ec776b4df56b3cca5af43cdad9b3652efc3451,M/S PRATHAP ENGINEERING WORKS
e395f6539e383e6ebe02b9f9a0c86a953ea098b01fa02bb621f810337c46c535,SRI SAIRAAM GENERAL ENGG WORKS
e3f873d9c7d94dcddad6c73a4bf800dc440525ff1ccf336197a9ac96f8f6185c,ESCORTS LIMITED
e522a2e3cd5caa2eb6f0dcaee01557b2ef70569ffa683e2f482223e0da487304,M/S RAGHAVENDRA WELDING WORKS
e562ecef282e2d7efa53491c1bee3f45da67881c5c177d52a0b974148fc5b7a1,M/S BHAVANI ENGINEERING WORKS
e653f2f77e289f15a3f3d6992af47d00659bb127dd5a826bcf5500174006cb62,M/S LAXMI GANESH ENGINEERING WORKS
e69655b226c0b49290901a1f7d7520094e74e2f7622e0b4ff4e6e6141a3930b3,SRI VENKATESHWARA ENGINEERING WORKS NZB
e6fc775b49048f8f0896b63afbee11611313fb5ae88babdf56dccc467773572d,M/S SINDHU ENGINEERING WORKS NLG
e93c4f79c1734a4c3449dbbcfd6d281d9a73832c848c50c228a47e4028322efe,M/S SRI LAXMI AGRO INDUSTRIES
e95e4846c7f7fa4e955763f61235cd44167cb8afb83bf2a0804aed642d6f5080,SAME DEUTZ-FAHR INDIA (P) LTD
e9ef5a34d46be05923a506403dd29b0a402a88ec87406f60086bcfb70023f1c7,"M/S REDDY ENGINEERING WORKS, SURYAPET"
eacdeca2f1451604b8493dddc837280756f96e3f1fa7a22a41e8f0052f33a3de,M/S SRI SAIBABA ENGINEERING WORKS
eaf1644db7d6d7695d6951a6924409ace76efad95510ee2384af3ebd22493121,"M/S RAGHAVENDRA ENGINEERING WORKS,AMANGAL"
eb59dbc038632287a2f19be44fa467d01ba467b6ae142a39ffe5580d187997c7,M/S SRI RAJESHWARA ENGINEERING WORKS
ed1fff5f431ab5aebb383cd0102019265909f1b2fbb5ad6d51d2fbd5162d81c5,ACTION CONSTRUCTION EQUIP LTD
ed3f7e59f1740017d6fae53f55792b47dd557a8be4ef4e5c672274ae96107eed,M/S SAI RAM ENGINEERING WORKS
ed818ca5c78704e27ab95f23a71aad240bce48af812c4e0a39056dc83b05dd4b,PARVATHI PARAMESWARA ENGG WORK
edb742d6dc4b80df09e8cc6ba5cef3dc915b5e302a4bdbbecfac21f15582a932,VE COMMERCIAL VEHICLES LTD
ee0563f748c9d61d061243ad793e47bb47993983e4f11b3f4df2fba0b9096f70,"REDDY ENGG.WORKS, BALANAGAR"
eeebaa049096f0058e7fbbd292febc8b633816ac61bbca22e4da5d757a101ec5,M/S. SRI KRISHNA ENGINEERING WORKS
eef3c16a0e9b2bb98f3b7d85eb9123ca788b68b2b7474814ec47c220161a7867,SRI LAXMI NARASIMHA SWAMY ENGG WORKS NLG
f0608200d2e5d5652f76a5b76270c88df780863901a27bf32d10c5ff18093f4c,M/S. SRI LAKSHMI ENG. WORKS
f169a0ceabc6c98c7346d14312a944a160ee8b67c7a3f3c269c80e18b6da086d,"MERCEDES-BENZ INDIA PVT., LTD."
f2fb442ed36038349bd0ef0fd37400b57a556bed2ea8ed37ef65a8c077087143,SKODA AUTO INDIA PVT LTD
f33b387c4c6ed33e9ae4a56e4353b217fdcb7c5330cec0e6f7b0a7e97b20c04f,M/S VINEELA INDUSTRIES
f3c0b2135c1e9a477f65188e3fa529fc6a7cab1a4b8c0dbd1f8e3efd53a31eda,SML ISUZU LTD PUNJAB
f41b4b4eddaaf351a6ffe115efecffcb5ddd680a505eca355b87eff23207b21c,LIUGONG INDIA PVT LTD
f48e0d2288e1dac53144e96ecdb0db8b08e85a4aa27a66feb34eeec12ab903fd,MNKT ENGG WELDINGWORKS KORUTLA
f6501b7b62e6c5a04725c9bd71b5b86d087036ad4d58f91c57fb96cf1c9ef10a,M/S. PRABHU ENGINEERING WORKS
f7f5d5db367648975053232002e8a0a647df440516de235edf577a03c7b98b13,"KAWASAKI HEAVY INDUS.LTD,JAPAN"
f8391ca550e55e858ef662d8cca9ede9ed32b7985a0d2679f81048ea354787ec,UDAYA LAKSHMI ENGG WORKS KMM
f9252954763c4cd93aa22e12cc0086b70874566f09c2742203d25fe15b698fa2,M/S VARMA ENGINEERING WORKS
fb2e1c90479bdc6499423ebbc951896ed65f6d41bf143e2fde33afb34eca5885,TATA MOTORS LTD
fd50185b5d07d04b22ad267449c430a8e6a6f4f3da145ed5f458d5da43fd8e69,"M/S. SRI THIRUMALA ENGINEERING WORKS,THUKKUGUDA"
fdc1a30bc7be4123ff44da84c7c29fe6b3b2cb67bb7865f7194408fb6b197492,SRI MAHALAXMI ENGINEERING WORKS
fdc6dbfbeaceb55b53be43c5a626046b434325bdafe50eb02893d7ddf1ccf2ea,M/S SRI HANUMAN MECHANICAL WORKS
ff12b19a9578cc6e71d795b1d2bd93129b03f92d40bc5ea82006a0d50c763831,M/S. SRI.LAXMI AGRO INDUSTRIES
